Date,Duration,d15min,d30min,d45min,d1h,d2h,d3h,d4h,d6h,d8h,d12h,d24h
2013-06-01,0.0,69.0,100.0,115.0,117.0,117.0,117.0,117.0,117.0,117.0,117.0,117.0
2013-06-02,0.0,27.0,32.0,33.0,35.0,64.0,96.0,117.0,123.0,123.0,179.0,240.0
2013-06-04,0.0,0.0,0.0,0.0,0.0,0.0,0.0,0.0,0.0,0.0,0.0,0.0
2013-06-05,0.0,0.0,0.0,0.0,0.0,0.0,0.0,0.0,0.0,0.0,0.0,0.0
2013-06-06,0.0,5.0,7.0,9.0,12.0,19.0,26.0,28.0,41.0,45.0,45.0,45.0
2013-06-08,0.0,14.0,20.0,24.0,29.0,43.0,50.0,56.0,64.0,69.0,72.0,102.0
2013-06-09,0.0,0.0,0.0,0.0,0.0,0.0,0.0,0.0,2.0,2.0,4.0,61.0
2013-06-10,0.0,0.0,0.0,0.0,0.0,0.0,0.0,0.0,0.0,0.0,0.0,0.0
2013-06-11,13.0,18.0,32.0,43.0,54.0,87.0,118.0,143.0,176.0,206.0,260.0,312.0
2013-06-14,0.0,0.0,0.0,0.0,0.0,0.0,0.0,0.0,0.0,0.0,0.0,2.0
2013-06-15,0.0,0.0,0.0,0.0,0.0,0.0,0.0,0.0,0.0,0.0,0.0,0.0
2013-06-16,0.0,9.0,17.0,23.0,31.0,55.0,69.0,82.0,102.0,102.0,102.0,102.0
2013-06-17,0.0,0.0,0.0,0.0,0.0,0.0,0.0,0.0,5.0,30.0,102.0,102.0
2013-06-18,0.0,0.0,0.0,0.0,0.0,0.0,0.0,0.0,0.0,0.0,0.0,0.0
2013-06-19,0.0,0.0,0.0,0.0,0.0,0.0,0.0,0.0,0.0,0.0,0.0,0.0
2013-06-20,0.0,0.0,0.0,0.0,0.0,0.0,0.0,0.0,0.0,0.0,0.0,0.0
2013-06-21,0.0,0.0,0.0,0.0,0.0,0.0,0.0,0.0,0.0,0.0,0.0,0.0
2013-06-22,0.0,10.0,15.0,18.0,23.0,37.0,53.0,67.0,81.0,85.0,113.0,119.0
2013-06-24,0.0,16.0,21.0,26.0,29.0,34.0,36.0,36.0,36.0,36.0,36.0,65.0
2013-06-25,0.0,34.0,40.0,40.0,40.0,42.0,42.0,42.0,44.0,44.0,44.0,78.0
2013-06-26,0.0,0.0,0.0,0.0,0.0,0.0,0.0,0.0,2.0,2.0,44.0,44.0
2013-06-27,0.0,0.0,0.0,0.0,0.0,0.0,0.0,0.0,0.0,0.0,0.0,0.0
2013-06-28,0.0,24.0,45.0,60.0,74.0,92.0,102.0,121.0,145.0,162.0,172.0,174.0
2013-06-29,0.0,2.0,2.0,2.0,2.0,2.0,2.0,2.0,4.0,4.0,29.0,176.0
2013-06-30,0.0,0.0,0.0,0.0,0.0,0.0,0.0,0.0,0.0,0.0,0.0,2.0
2014-05-03,0.0,3.0,3.0,3.0,3.0,3.0,3.0,3.0,5.0,5.0,5.0,5.0
2014-05-04,0.0,25.0,42.0,50.0,60.0,66.0,68.0,75.0,83.0,97.0,116.0,183.0
2014-05-07,0.0,0.0,0.0,0.0,0.0,0.0,0.0,0.0,0.0,0.0,0.0,0.0
2014-05-08,0.0,0.0,0.0,0.0,0.0,0.0,0.0,0.0,0.0,0.0,0.0,0.0
2014-05-09,0.0,6.0,6.0,6.0,6.0,6.0,6.0,6.0,6.0,6.0,6.0,6.0
2014-05-10,0.0,7.0,11.0,15.0,18.0,35.0,45.0,60.0,72.0,72.0,72.0,72.0
2014-05-11,0.0,0.0,0.0,0.0,0.0,0.0,0.0,0.0,0.0,0.0,0.0,62.0
2014-05-12,0.0,0.0,0.0,0.0,0.0,0.0,0.0,0.0,0.0,0.0,0.0,0.0
2014-05-13,0.0,3.0,3.0,3.0,3.0,3.0,3.0,3.0,3.0,3.0,3.0,3.0
2014-05-14,0.0,0.0,0.0,3.0,3.0,3.0,3.0,3.0,3.0,3.0,3.0,3.0
2014-05-15,0.0,0.0,0.0,0.0,0.0,0.0,0.0,0.0,0.0,0.0,0.0,0.0
2014-05-16,0.0,16.0,29.0,37.0,40.0,65.0,85.0,105.0,121.0,139.0,195.0,198.0
2014-05-17,30.0,27.0,46.0,58.0,67.0,118.0,164.0,191.0,252.0,286.0,324.0,388.0
2014-05-18,0.0,0.0,0.0,0.0,0.0,0.0,0.0,0.0,0.0,0.0,0.0,186.0
2014-05-19,0.0,0.0,0.0,0.0,0.0,0.0,0.0,0.0,0.0,0.0,0.0,0.0
2014-05-20,0.0,0.0,0.0,0.0,0.0,0.0,0.0,0.0,0.0,0.0,0.0,0.0
2014-05-24,0.0,0.0,0.0,0.0,0.0,0.0,0.0,0.0,0.0,0.0,0.0,0.0
2014-05-25,0.0,35.0,38.0,38.0,38.0,38.0,38.0,38.0,38.0,38.0,38.0,38.0
2014-05-26,0.0,9.0,12.0,19.0,21.0,21.0,21.0,27.0,38.0,38.0,38.0,42.0
2014-05-27,0.0,18.0,29.0,39.0,39.0,39.0,39.0,39.0,39.0,39.0,60.0,70.0
2014-05-28,0.0,2.0,2.0,2.0,2.0,2.0,2.0,2.0,2.0,2.0,2.0,41.0
2014-05-30,0.0,12.0,14.0,14.0,14.0,14.0,14.0,14.0,14.0,14.0,14.0,14.0
2014-05-31,0.0,0.0,0.0,0.0,0.0,0.0,0.0,0.0,0.0,0.0,14.0,14.0
2014-07-01,0.0,0.0,0.0,0.0,0.0,0.0,0.0,0.0,0.0,0.0,0.0,0.0
2014-07-02,0.0,0.0,0.0,0.0,0.0,0.0,0.0,0.0,0.0,0.0,0.0,0.0
2014-07-03,0.0,0.0,0.0,0.0,0.0,0.0,0.0,0.0,0.0,0.0,0.0,0.0
2014-07-04,0.0,16.0,25.0,30.0,30.0,30.0,30.0,30.0,30.0,30.0,30.0,30.0
2014-07-05,0.0,0.0,0.0,0.0,0.0,0.0,0.0,0.0,0.0,0.0,0.0,30.0
2014-07-06,0.0,0.0,0.0,0.0,0.0,0.0,0.0,0.0,0.0,0.0,0.0,0.0
2014-07-07,0.0,18.0,31.0,45.0,56.0,64.0,69.0,72.0,84.0,89.0,89.0,89.0
2014-07-08,0.0,15.0,28.0,40.0,51.0,62.0,62.0,62.0,62.0,62.0,81.0,89.0
2014-07-09,0.0,0.0,0.0,0.0,0.0,0.0,40.0,62.0,62.0,62.0,62.0,62.0
2014-07-10,0.0,0.0,0.0,0.0,0.0,0.0,0.0,0.0,0.0,0.0,0.0,0.0
2014-07-11,0.0,0.0,0.0,0.0,0.0,0.0,0.0,0.0,0.0,0.0,0.0,0.0
2014-07-12,0.0,0.0,0.0,0.0,0.0,0.0,0.0,0.0,0.0,0.0,0.0,0.0
2014-07-13,0.0,26.0,36.0,45.0,49.0,52.0,52.0,52.0,98.0,98.0,98.0,98.0
2014-07-15,0.0,7.0,12.0,12.0,16.0,18.0,18.0,18.0,18.0,18.0,21.0,21.0
2014-07-17,0.0,0.0,0.0,0.0,0.0,0.0,0.0,0.0,0.0,0.0,0.0,0.0
2014-07-18,0.0,0.0,0.0,0.0,0.0,0.0,0.0,0.0,0.0,0.0,0.0,0.0
2014-07-19,0.0,0.0,0.0,0.0,0.0,0.0,0.0,0.0,0.0,0.0,0.0,0.0
2014-07-20,0.0,0.0,0.0,0.0,0.0,0.0,0.0,0.0,0.0,0.0,0.0,0.0
2014-07-21,0.0,0.0,0.0,0.0,0.0,0.0,0.0,0.0,0.0,0.0,0.0,0.0
2014-07-22,0.0,0.0,0.0,0.0,0.0,0.0,0.0,0.0,0.0,0.0,0.0,0.0
2014-07-23,13.0,34.0,41.0,48.0,48.0,54.0,60.0,98.0,113.0,113.0,113.0,113.0
2014-07-25,0.0,0.0,0.0,0.0,0.0,0.0,0.0,0.0,0.0,0.0,0.0,0.0
2014-07-26,0.0,0.0,0.0,0.0,0.0,0.0,0.0,0.0,0.0,0.0,0.0,0.0
2014-07-27,0.0,37.0,45.0,49.0,49.0,52.0,68.0,83.0,92.0,92.0,92.0,92.0
2014-07-28,0.0,7.0,12.0,15.0,18.0,27.0,41.0,47.0,64.0,74.0,83.0,92.0
2014-07-29,0.0,0.0,0.0,0.0,0.0,0.0,3.0,3.0,20.0,42.0,77.0,83.0
2014-07-30,0.0,3.0,3.0,3.0,5.0,5.0,5.0,5.0,5.0,5.0,5.0,5.0
2014-07-31,0.0,40.0,63.0,76.0,83.0,120.0,122.0,122.0,122.0,122.0,122.0,127.0
2015-05-01,0.0,0.0,0.0,0.0,0.0,0.0,0.0,0.0,0.0,0.0,0.0,0.0
2015-05-02,0.0,2.0,2.0,2.0,2.0,2.0,2.0,2.0,2.0,2.0,2.0,2.0
2015-05-03,0.0,2.0,2.0,2.0,2.0,2.0,2.0,2.0,2.0,4.0,4.0,4.0
2015-05-04,0.0,3.0,5.0,6.0,8.0,8.0,8.0,8.0,8.0,8.0,8.0,8.0
2015-05-05,0.0,2.0,2.0,2.0,2.0,2.0,3.0,8.0,8.0,10.0,10.0,10.0
2015-05-06,0.0,0.0,0.0,0.0,0.0,0.0,0.0,0.0,0.0,0.0,0.0,2.0
2015-05-07,0.0,0.0,0.0,0.0,0.0,0.0,0.0,0.0,0.0,0.0,0.0,0.0
2015-05-08,0.0,0.0,0.0,0.0,0.0,0.0,0.0,0.0,0.0,0.0,0.0,0.0
2015-05-09,55.0,72.0,72.0,72.0,72.0,84.0,84.0,84.0,84.0,84.0,84.0,84.0
2015-05-10,0.0,0.0,0.0,0.0,0.0,0.0,0.0,0.0,12.0,84.0,84.0,84.0
2015-05-12,0.0,26.0,52.0,52.0,52.0,54.0,69.0,71.0,71.0,72.0,90.0,183.0
2015-05-14,0.0,2.0,2.0,2.0,2.0,2.0,2.0,2.0,2.0,2.0,2.0,2.0
2015-05-15,0.0,0.0,0.0,0.0,0.0,0.0,0.0,0.0,0.0,0.0,0.0,2.0
2015-05-16,0.0,0.0,0.0,0.0,0.0,0.0,0.0,0.0,0.0,0.0,0.0,0.0
2015-05-19,0.0,0.0,0.0,0.0,64.0,67.0,70.0,90.0,90.0,90.0,90.0,90.0
2015-05-20,0.0,0.0,0.0,0.0,0.0,0.0,0.0,0.0,0.0,0.0,0.0,0.0
2015-05-21,0.0,0.0,0.0,0.0,0.0,0.0,0.0,0.0,0.0,0.0,0.0,0.0
2015-05-22,0.0,2.0,2.0,2.0,2.0,2.0,2.0,2.0,2.0,2.0,2.0,2.0
2015-05-23,0.0,0.0,0.0,0.0,0.0,2.0,2.0,2.0,2.0,2.0,2.0,2.0
2015-05-24,0.0,2.0,2.0,2.0,2.0,2.0,2.0,2.0,2.0,2.0,2.0,2.0
2015-05-25,0.0,17.0,34.0,42.0,49.0,80.0,101.0,138.0,164.0,177.0,188.0,190.0
2015-05-27,0.0,0.0,0.0,0.0,0.0,0.0,0.0,0.0,0.0,0.0,0.0,47.0
2015-05-28,0.0,26.0,26.0,30.0,30.0,30.0,30.0,30.0,48.0,48.0,48.0,48.0
2015-05-29,0.0,2.0,2.0,2.0,2.0,2.0,2.0,2.0,2.0,18.0,22.0,50.0
2015-05-30,0.0,14.0,14.0,17.0,23.0,23.0,23.0,23.0,23.0,23.0,23.0,23.0
2015-05-31,0.0,6.0,9.0,9.0,13.0,25.0,25.0,27.0,45.0,50.0,53.0,53.0
2015-09-01,0.0,0.0,0.0,0.0,0.0,0.0,0.0,0.0,0.0,0.0,0.0,0.0
2015-09-02,64.0,0.0,0.0,0.0,0.0,0.0,0.0,0.0,0.0,0.0,0.0,0.0
2015-09-03,257.0,2.0,2.0,2.0,2.0,2.0,2.0,2.0,2.0,2.0,2.0,2.0
2015-09-04,204.0,0.0,0.0,0.0,0.0,0.0,0.0,0.0,0.0,0.0,0.0,2.0
2015-09-06,0.0,0.0,0.0,0.0,0.0,0.0,0.0,0.0,0.0,0.0,0.0,3.0
2015-09-08,0.0,0.0,0.0,0.0,0.0,0.0,132.0,155.0,155.0,155.0,155.0,155.0
2015-09-09,0.0,0.0,0.0,0.0,0.0,0.0,0.0,0.0,0.0,0.0,0.0,0.0
2015-09-10,0.0,5.0,5.0,5.0,5.0,5.0,5.0,5.0,5.0,5.0,5.0,9.0
2015-09-11,0.0,3.0,3.0,3.0,3.0,3.0,3.0,3.0,7.0,7.0,7.0,12.0
2015-09-12,30.0,6.0,11.0,15.0,19.0,32.0,41.0,50.0,60.0,60.0,60.0,64.0
2015-09-16,0.0,0.0,0.0,0.0,0.0,0.0,0.0,0.0,0.0,0.0,0.0,0.0
2015-09-17,0.0,0.0,0.0,0.0,0.0,0.0,0.0,0.0,0.0,0.0,0.0,0.0
2015-09-18,0.0,3.0,3.0,5.0,5.0,7.0,7.0,7.0,7.0,7.0,7.0,7.0
2015-09-19,0.0,57.0,72.0,78.0,84.0,100.0,100.0,100.0,100.0,100.0,100.0,100.0
2015-09-20,0.0,2.0,2.0,2.0,2.0,2.0,62.0,92.0,100.0,100.0,100.0,100.0
2015-09-21,0.0,0.0,0.0,0.0,0.0,0.0,0.0,2.0,2.0,2.0,2.0,2.0
2015-09-22,0.0,0.0,0.0,0.0,0.0,0.0,0.0,0.0,0.0,0.0,0.0,0.0
2015-09-23,0.0,0.0,0.0,0.0,0.0,0.0,0.0,0.0,0.0,0.0,0.0,0.0
2015-09-24,0.0,0.0,0.0,0.0,0.0,0.0,0.0,0.0,0.0,0.0,0.0,0.0
2015-09-25,0.0,0.0,0.0,0.0,0.0,0.0,0.0,0.0,0.0,0.0,0.0,0.0
2015-09-26,0.0,0.0,0.0,0.0,0.0,0.0,0.0,0.0,0.0,0.0,0.0,0.0
2015-09-27,0.0,0.0,0.0,0.0,0.0,0.0,0.0,0.0,0.0,0.0,0.0,0.0
2015-09-28,0.0,3.0,3.0,3.0,3.0,3.0,3.0,6.0,6.0,6.0,6.0,6.0
2016-05-01,0.0,24.0,29.0,33.0,38.0,58.0,68.0,72.0,78.0,83.0,83.0,83.0
2016-05-02,0.0,3.0,6.0,8.0,11.0,13.0,42.0,63.0,75.0,80.0,83.0,94.0
2016-05-04,0.0,0.0,0.0,0.0,0.0,0.0,0.0,0.0,0.0,0.0,0.0,0.0
2016-05-05,0.0,0.0,0.0,0.0,0.0,0.0,0.0,0.0,0.0,0.0,0.0,0.0
2016-05-06,0.0,0.0,0.0,0.0,0.0,0.0,0.0,0.0,0.0,0.0,0.0,0.0
2016-05-07,0.0,3.0,3.0,3.0,5.0,5.0,5.0,5.0,7.0,7.0,7.0,7.0
2016-05-08,0.0,11.0,19.0,28.0,36.0,57.0,78.0,78.0,78.0,83.0,90.0,92.0
2016-05-09,0.0,0.0,0.0,0.0,0.0,0.0,0.0,0.0,0.0,0.0,0.0,85.0
2016-05-10,0.0,0.0,0.0,0.0,0.0,0.0,0.0,0.0,0.0,0.0,0.0,0.0
2016-05-11,0.0,0.0,0.0,0.0,0.0,0.0,0.0,0.0,0.0,0.0,0.0,0.0
2016-05-12,0.0,0.0,0.0,0.0,0.0,0.0,0.0,0.0,0.0,0.0,0.0,0.0
2016-05-13,0.0,10.0,18.0,28.0,34.0,40.0,40.0,40.0,40.0,40.0,40.0,40.0
2016-05-16,0.0,2.0,2.0,2.0,2.0,2.0,2.0,2.0,2.0,2.0,2.0,4.0
2016-05-18,0.0,0.0,0.0,0.0,0.0,0.0,0.0,0.0,0.0,0.0,0.0,0.0
2016-05-19,0.0,0.0,0.0,0.0,0.0,0.0,0.0,0.0,0.0,0.0,0.0,0.0
2016-05-20,0.0,0.0,0.0,0.0,0.0,0.0,0.0,0.0,0.0,0.0,0.0,0.0
2016-05-21,0.0,0.0,0.0,0.0,0.0,0.0,0.0,0.0,0.0,0.0,0.0,0.0
2016-05-22,0.0,0.0,0.0,0.0,0.0,0.0,0.0,0.0,0.0,0.0,0.0,0.0
2016-05-23,0.0,0.0,0.0,0.0,0.0,0.0,0.0,0.0,0.0,0.0,0.0,0.0
2016-05-24,0.0,0.0,0.0,0.0,0.0,0.0,0.0,0.0,0.0,0.0,0.0,0.0
2016-05-25,0.0,0.0,0.0,0.0,0.0,0.0,0.0,0.0,0.0,0.0,0.0,0.0
2016-05-26,0.0,0.0,0.0,0.0,0.0,0.0,0.0,0.0,0.0,0.0,0.0,0.0
2016-05-27,0.0,4.0,4.0,8.0,8.0,10.0,10.0,10.0,10.0,10.0,10.0,10.0
2016-05-29,0.0,0.0,0.0,0.0,0.0,0.0,0.0,0.0,0.0,0.0,0.0,0.0
2016-05-30,0.0,0.0,0.0,0.0,0.0,0.0,0.0,0.0,0.0,0.0,0.0,0.0
2016-05-31,0.0,0.0,0.0,0.0,0.0,0.0,0.0,0.0,0.0,0.0,0.0,0.0
2016-06-01,0.0,0.0,0.0,0.0,0.0,0.0,0.0,0.0,0.0,0.0,0.0,0.0
2016-06-03,0.0,0.0,0.0,0.0,0.0,0.0,0.0,0.0,0.0,3.0,17.0,42.0
2016-06-04,0.0,0.0,0.0,0.0,0.0,0.0,0.0,0.0,0.0,0.0,0.0,0.0
2016-06-05,0.0,31.0,56.0,70.0,92.0,139.0,143.0,165.0,252.0,283.0,283.0,283.0
2016-06-10,0.0,0.0,0.0,0.0,0.0,0.0,0.0,0.0,0.0,0.0,0.0,0.0
2016-06-11,0.0,0.0,0.0,0.0,0.0,0.0,0.0,0.0,0.0,0.0,0.0,0.0
2016-06-12,0.0,0.0,0.0,0.0,0.0,0.0,0.0,0.0,0.0,0.0,0.0,0.0
2016-06-14,0.0,0.0,0.0,0.0,0.0,0.0,0.0,0.0,44.0,44.0,44.0,44.0
2016-06-15,0.0,0.0,0.0,0.0,0.0,0.0,0.0,0.0,0.0,0.0,0.0,0.0
2016-06-16,0.0,0.0,0.0,0.0,0.0,0.0,0.0,0.0,0.0,0.0,0.0,0.0
2016-06-17,0.0,0.0,0.0,0.0,0.0,0.0,0.0,0.0,0.0,0.0,0.0,0.0
2016-06-18,0.0,2.0,2.0,2.0,2.0,2.0,2.0,2.0,2.0,2.0,2.0,2.0
2016-06-19,0.0,0.0,0.0,0.0,0.0,0.0,0.0,0.0,0.0,0.0,0.0,2.0
2016-06-20,0.0,0.0,0.0,0.0,0.0,0.0,0.0,0.0,0.0,0.0,0.0,0.0
2016-06-21,0.0,0.0,0.0,0.0,0.0,0.0,0.0,0.0,0.0,0.0,0.0,0.0
2016-06-22,0.0,18.0,33.0,44.0,58.0,69.0,69.0,69.0,69.0,69.0,69.0,69.0
2016-06-23,0.0,0.0,0.0,0.0,0.0,0.0,0.0,0.0,0.0,0.0,0.0,69.0
2016-06-24,0.0,0.0,0.0,0.0,0.0,0.0,0.0,0.0,0.0,0.0,0.0,0.0
2016-06-25,0.0,0.0,0.0,0.0,0.0,0.0,0.0,0.0,0.0,0.0,0.0,0.0
2016-06-26,0.0,0.0,0.0,0.0,0.0,0.0,0.0,0.0,0.0,0.0,0.0,0.0
2016-06-27,0.0,13.0,19.0,23.0,23.0,23.0,23.0,23.0,23.0,23.0,23.0,23.0
2016-06-28,0.0,17.0,34.0,37.0,37.0,37.0,40.0,70.0,70.0,70.0,70.0,78.0
2016-06-29,0.0,5.0,8.0,10.0,10.0,10.0,37.0,37.0,70.0,70.0,70.0,80.0
2016-06-30,0.0,0.0,0.0,0.0,0.0,0.0,0.0,0.0,0.0,10.0,10.0,10.0
2016-07-01,0.0,15.0,26.0,32.0,32.0,38.0,38.0,38.0,38.0,38.0,38.0,38.0
2016-07-02,0.0,0.0,0.0,0.0,0.0,0.0,0.0,0.0,6.0,38.0,38.0,38.0
2016-07-03,0.0,9.0,13.0,13.0,13.0,13.0,13.0,13.0,13.0,13.0,13.0,13.0
2016-07-04,0.0,0.0,0.0,0.0,0.0,0.0,0.0,13.0,13.0,13.0,13.0,13.0
2016-07-05,0.0,0.0,0.0,0.0,0.0,0.0,0.0,0.0,0.0,0.0,0.0,0.0
2016-07-06,0.0,0.0,0.0,0.0,0.0,0.0,0.0,0.0,0.0,0.0,0.0,0.0
2016-07-07,0.0,0.0,0.0,0.0,0.0,0.0,0.0,0.0,0.0,0.0,0.0,0.0
2016-07-08,0.0,0.0,0.0,0.0,0.0,0.0,0.0,0.0,0.0,0.0,0.0,0.0
2016-07-09,13.0,17.0,33.0,45.0,54.0,64.0,72.0,95.0,95.0,116.0,159.0,159.0
2016-07-10,0.0,8.0,8.0,8.0,8.0,8.0,8.0,8.0,8.0,8.0,76.0,159.0
2016-07-12,0.0,0.0,0.0,0.0,0.0,0.0,0.0,0.0,0.0,0.0,0.0,0.0
2016-07-13,0.0,0.0,0.0,0.0,0.0,0.0,0.0,0.0,0.0,0.0,0.0,0.0
2016-07-14,34.0,41.0,56.0,56.0,56.0,56.0,56.0,56.0,56.0,56.0,56.0,56.0
2016-07-15,0.0,4.0,8.0,8.0,8.0,8.0,8.0,8.0,8.0,8.0,64.0,64.0
2016-07-16,0.0,7.0,7.0,7.0,7.0,7.0,7.0,7.0,7.0,7.0,7.0,7.0
2016-07-18,0.0,67.0,128.0,128.0,128.0,128.0,128.0,128.0,128.0,128.0,160.0,160.0
2016-07-19,0.0,2.0,2.0,2.0,2.0,2.0,2.0,2.0,2.0,2.0,128.0,160.0
2016-07-20,0.0,0.0,0.0,0.0,0.0,0.0,0.0,0.0,0.0,0.0,0.0,2.0
2016-07-21,0.0,0.0,0.0,0.0,0.0,0.0,0.0,0.0,0.0,0.0,0.0,0.0
2016-07-22,0.0,15.0,30.0,30.0,30.0,30.0,30.0,30.0,30.0,30.0,30.0,30.0
2016-07-23,0.0,59.0,88.0,96.0,104.0,161.0,173.0,173.0,173.0,173.0,173.0,173.0
2016-07-25,0.0,20.0,23.0,23.0,23.0,23.0,23.0,37.0,37.0,37.0,48.0,48.0
2016-07-26,0.0,0.0,0.0,0.0,0.0,0.0,0.0,14.0,14.0,37.0,37.0,48.0
2016-07-27,0.0,0.0,0.0,0.0,0.0,0.0,0.0,0.0,0.0,0.0,0.0,0.0
2016-07-28,0.0,0.0,0.0,0.0,0.0,0.0,0.0,0.0,0.0,0.0,0.0,0.0
2016-07-29,0.0,0.0,0.0,0.0,0.0,0.0,0.0,0.0,0.0,0.0,0.0,0.0
2016-07-30,0.0,2.0,2.0,2.0,2.0,2.0,2.0,2.0,2.0,2.0,2.0,2.0
2016-07-31,0.0,0.0,0.0,2.0,2.0,2.0,2.0,2.0,2.0,2.0,2.0,2.0
2016-08-01,0.0,0.0,0.0,0.0,0.0,0.0,0.0,0.0,0.0,0.0,0.0,0.0
2016-08-02,0.0,0.0,0.0,0.0,0.0,0.0,0.0,0.0,0.0,0.0,0.0,0.0
2016-08-03,0.0,0.0,0.0,0.0,0.0,0.0,0.0,0.0,0.0,0.0,0.0,0.0
2016-08-04,0.0,0.0,0.0,0.0,0.0,0.0,0.0,0.0,0.0,0.0,0.0,0.0
2016-08-05,0.0,0.0,0.0,0.0,0.0,0.0,0.0,0.0,0.0,0.0,0.0,0.0
2016-08-06,0.0,0.0,0.0,0.0,0.0,0.0,0.0,0.0,0.0,0.0,0.0,0.0
2016-08-07,0.0,0.0,0.0,0.0,0.0,0.0,0.0,0.0,0.0,0.0,0.0,0.0
2016-08-08,0.0,0.0,0.0,0.0,0.0,0.0,0.0,0.0,0.0,0.0,0.0,0.0
2016-08-09,0.0,0.0,0.0,0.0,0.0,0.0,0.0,0.0,0.0,0.0,0.0,0.0
2016-08-10,0.0,0.0,0.0,0.0,0.0,0.0,0.0,0.0,0.0,0.0,0.0,0.0
2016-08-11,0.0,0.0,0.0,0.0,0.0,0.0,0.0,0.0,0.0,0.0,0.0,0.0
2016-08-13,0.0,74.0,95.0,95.0,95.0,104.0,118.0,127.0,184.0,184.0,203.0,262.0
2016-08-14,54.0,31.0,61.0,75.0,85.0,127.0,151.0,208.0,272.0,326.0,399.0,463.0
2016-08-15,0.0,0.0,0.0,0.0,0.0,0.0,0.0,0.0,0.0,0.0,0.0,222.0
2016-08-16,30.0,79.0,144.0,197.0,220.0,356.0,501.0,565.0,620.0,674.0,700.0,700.0
2016-08-18,0.0,0.0,0.0,0.0,0.0,0.0,0.0,0.0,0.0,0.0,0.0,11.0
2016-08-19,0.0,0.0,0.0,0.0,0.0,0.0,0.0,0.0,0.0,0.0,0.0,0.0
2016-08-20,0.0,0.0,0.0,0.0,0.0,0.0,0.0,0.0,0.0,0.0,0.0,0.0
2016-08-22,0.0,0.0,0.0,0.0,0.0,0.0,0.0,0.0,0.0,64.0,163.0,163.0
2016-08-23,0.0,0.0,0.0,0.0,0.0,0.0,0.0,0.0,0.0,0.0,0.0,0.0
2016-08-24,0.0,0.0,0.0,0.0,0.0,0.0,0.0,0.0,0.0,0.0,0.0,0.0
2016-08-25,0.0,4.0,4.0,4.0,6.0,6.0,6.0,6.0,6.0,6.0,6.0,6.0
2016-08-26,0.0,0.0,0.0,0.0,0.0,0.0,0.0,0.0,0.0,0.0,6.0,6.0
2016-08-27,0.0,0.0,0.0,0.0,0.0,0.0,0.0,0.0,0.0,0.0,0.0,0.0
2016-08-28,0.0,0.0,0.0,0.0,0.0,0.0,0.0,0.0,0.0,0.0,0.0,0.0
2016-08-29,0.0,0.0,0.0,0.0,0.0,0.0,0.0,0.0,0.0,0.0,0.0,0.0
2016-08-30,0.0,0.0,0.0,0.0,0.0,0.0,0.0,0.0,0.0,0.0,0.0,0.0
2016-08-31,0.0,60.0,73.0,73.0,73.0,73.0,73.0,73.0,73.0,73.0,73.0,73.0
2016-09-02,0.0,0.0,0.0,0.0,0.0,0.0,0.0,0.0,0.0,0.0,0.0,0.0
2016-09-03,0.0,0.0,0.0,0.0,0.0,0.0,0.0,0.0,0.0,0.0,0.0,0.0
2016-09-04,0.0,0.0,0.0,0.0,0.0,0.0,0.0,0.0,0.0,0.0,0.0,0.0
2016-09-05,0.0,0.0,0.0,0.0,0.0,0.0,0.0,0.0,0.0,0.0,0.0,0.0
2016-09-06,0.0,0.0,0.0,0.0,0.0,0.0,0.0,0.0,0.0,0.0,0.0,0.0
2016-09-07,0.0,2.0,2.0,2.0,2.0,2.0,2.0,2.0,2.0,2.0,2.0,2.0
2016-09-08,0.0,52.0,69.0,69.0,69.0,79.0,84.0,92.0,92.0,92.0,92.0,109.0
2016-09-09,0.0,0.0,0.0,0.0,0.0,0.0,0.0,0.0,8.0,79.0,92.0,107.0
2016-09-10,0.0,0.0,0.0,0.0,0.0,0.0,0.0,0.0,0.0,0.0,0.0,0.0
2016-09-12,0.0,0.0,0.0,0.0,0.0,0.0,0.0,0.0,0.0,0.0,0.0,54.0
2016-09-13,0.0,0.0,0.0,0.0,0.0,0.0,0.0,0.0,0.0,0.0,0.0,0.0
2016-09-14,0.0,0.0,0.0,0.0,0.0,0.0,0.0,0.0,0.0,0.0,0.0,0.0
2016-09-17,0.0,4.0,4.0,4.0,4.0,4.0,4.0,4.0,6.0,6.0,6.0,6.0
2016-09-18,0.0,7.0,7.0,7.0,7.0,9.0,13.0,15.0,17.0,17.0,21.0,21.0
2016-09-21,0.0,0.0,0.0,0.0,0.0,0.0,0.0,0.0,0.0,0.0,0.0,0.0
2016-09-22,0.0,3.0,3.0,3.0,5.0,5.0,5.0,5.0,5.0,5.0,5.0,5.0
2016-09-24,0.0,0.0,0.0,0.0,0.0,0.0,0.0,0.0,0.0,0.0,0.0,18.0
2016-09-25,0.0,0.0,0.0,0.0,0.0,0.0,0.0,0.0,0.0,0.0,0.0,0.0
2016-09-26,0.0,0.0,0.0,0.0,0.0,0.0,0.0,0.0,0.0,0.0,0.0,0.0
2016-09-27,0.0,6.0,10.0,11.0,15.0,23.0,28.0,28.0,28.0,28.0,28.0,28.0
2016-09-28,0.0,0.0,0.0,0.0,0.0,0.0,0.0,0.0,0.0,0.0,0.0,28.0
2016-09-29,0.0,0.0,0.0,0.0,0.0,0.0,0.0,0.0,0.0,0.0,0.0,0.0
2016-09-30,0.0,0.0,0.0,0.0,0.0,0.0,0.0,0.0,0.0,0.0,0.0,0.0
2016-10-01,0.0,0.0,0.0,0.0,0.0,0.0,0.0,0.0,0.0,0.0,0.0,0.0
2016-10-02,0.0,3.0,5.0,5.0,5.0,7.0,7.0,7.0,7.0,7.0,7.0,7.0
2016-10-04,0.0,0.0,0.0,0.0,0.0,0.0,0.0,0.0,0.0,0.0,0.0,0.0
2016-10-05,0.0,0.0,0.0,0.0,0.0,0.0,0.0,0.0,0.0,0.0,0.0,0.0
2016-10-06,0.0,0.0,0.0,0.0,0.0,0.0,0.0,0.0,0.0,0.0,0.0,0.0
2016-10-07,0.0,0.0,0.0,0.0,0.0,0.0,0.0,0.0,0.0,0.0,0.0,0.0
2016-10-08,0.0,27.0,47.0,60.0,66.0,92.0,96.0,105.0,142.0,161.0,164.0,164.0
2016-10-09,0.0,0.0,0.0,0.0,0.0,0.0,0.0,0.0,0.0,5.0,102.0,164.0
2016-10-10,0.0,0.0,0.0,0.0,0.0,0.0,0.0,0.0,0.0,0.0,0.0,0.0
2016-10-11,0.0,0.0,0.0,0.0,0.0,0.0,0.0,0.0,0.0,0.0,0.0,0.0
2016-10-14,0.0,2.0,2.0,2.0,2.0,2.0,2.0,2.0,2.0,2.0,7.0,65.0
2016-10-15,0.0,0.0,0.0,0.0,0.0,0.0,0.0,0.0,0.0,0.0,0.0,2.0
2016-10-17,0.0,0.0,0.0,0.0,0.0,0.0,0.0,0.0,17.0,17.0,50.0,121.0
2016-10-18,0.0,11.0,16.0,16.0,19.0,31.0,31.0,31.0,31.0,31.0,31.0,50.0
2016-10-19,0.0,0.0,0.0,0.0,0.0,0.0,13.0,13.0,19.0,19.0,19.0,50.0
2016-10-20,0.0,14.0,27.0,38.0,49.0,90.0,120.0,150.0,181.0,190.0,199.0,199.0
2016-10-21,19.0,16.0,29.0,43.0,50.0,85.0,123.0,153.0,229.0,288.0,376.0,544.0
2016-10-22,0.0,16.0,24.0,35.0,43.0,69.0,83.0,92.0,119.0,127.0,189.0,354.0
2016-10-23,0.0,5.0,9.0,13.0,17.0,35.0,53.0,69.0,116.0,149.0,176.0,306.0
2016-10-25,0.0,0.0,0.0,0.0,0.0,0.0,0.0,0.0,0.0,0.0,0.0,0.0
2016-10-26,0.0,0.0,0.0,0.0,0.0,0.0,0.0,0.0,0.0,0.0,0.0,0.0
2016-10-27,0.0,13.0,22.0,29.0,34.0,55.0,65.0,82.0,115.0,123.0,123.0,123.0
2016-10-28,0.0,7.0,13.0,19.0,25.0,44.0,60.0,76.0,112.0,154.0,175.0,184.0
2016-10-29,0.0,9.0,14.0,17.0,19.0,29.0,35.0,40.0,40.0,42.0,54.0,62.0
2016-10-30,0.0,0.0,0.0,0.0,0.0,0.0,0.0,0.0,0.0,8.0,15.0,62.0
2016-10-31,0.0,0.0,0.0,0.0,0.0,0.0,0.0,0.0,0.0,0.0,0.0,0.0
2017-05-02,0.0,0.0,0.0,3.0,5.0,7.0,26.0,120.0,125.0,137.0,160.0,450.0
2017-05-03,0.0,0.0,0.0,0.0,0.0,0.0,0.0,0.0,0.0,0.0,0.0,0.0
2017-05-04,0.0,0.0,0.0,0.0,0.0,0.0,0.0,0.0,0.0,0.0,0.0,0.0
2017-05-05,0.0,22.0,29.0,38.0,42.0,49.0,78.0,83.0,92.0,119.0,145.0,195.0
2017-05-07,0.0,7.0,12.0,16.0,20.0,30.0,35.0,37.0,46.0,69.0,72.0,115.0
2017-05-08,0.0,2.0,2.0,2.0,2.0,2.0,2.0,2.0,2.0,2.0,2.0,74.0
2017-05-09,0.0,0.0,0.0,0.0,0.0,0.0,0.0,0.0,0.0,0.0,0.0,2.0
2017-05-10,0.0,0.0,0.0,0.0,0.0,0.0,0.0,0.0,0.0,0.0,0.0,0.0
2017-05-11,0.0,0.0,0.0,0.0,0.0,0.0,0.0,0.0,0.0,0.0,0.0,0.0
2017-05-12,0.0,0.0,0.0,0.0,0.0,0.0,0.0,0.0,0.0,0.0,0.0,0.0
2017-05-13,0.0,3.0,6.0,8.0,8.0,10.0,10.0,10.0,10.0,10.0,10.0,10.0
2017-05-14,0.0,4.0,4.0,7.0,7.0,12.0,14.0,15.0,20.0,27.0,29.0,43.0
2017-05-15,0.0,2.0,2.0,4.0,4.0,4.0,4.0,4.0,4.0,4.0,13.0,37.0
2017-05-17,0.0,0.0,0.0,0.0,0.0,0.0,0.0,0.0,0.0,0.0,0.0,0.0
2017-05-18,0.0,2.0,2.0,2.0,2.0,2.0,2.0,2.0,2.0,2.0,2.0,2.0
2017-05-19,0.0,2.0,2.0,2.0,2.0,2.0,2.0,2.0,2.0,2.0,2.0,2.0
2017-05-20,0.0,0.0,0.0,0.0,0.0,0.0,0.0,0.0,0.0,0.0,0.0,2.0
2017-05-21,0.0,0.0,0.0,0.0,0.0,0.0,0.0,0.0,0.0,0.0,0.0,0.0
2017-05-22,0.0,9.0,14.0,14.0,14.0,23.0,31.0,37.0,49.0,64.0,74.0,83.0
2017-05-23,0.0,0.0,0.0,0.0,0.0,0.0,0.0,0.0,0.0,5.0,10.0,79.0
2017-05-24,0.0,0.0,0.0,0.0,0.0,0.0,0.0,0.0,0.0,0.0,0.0,0.0
2017-05-25,0.0,11.0,21.0,32.0,41.0,58.0,66.0,71.0,83.0,83.0,83.0,83.0
2017-05-27,0.0,0.0,0.0,0.0,0.0,0.0,0.0,0.0,0.0,0.0,3.0,25.0
2017-05-28,0.0,0.0,0.0,0.0,0.0,0.0,0.0,0.0,0.0,0.0,0.0,0.0
2017-05-29,0.0,8.0,14.0,21.0,27.0,44.0,54.0,62.0,64.0,64.0,64.0,64.0
2017-05-30,0.0,24.0,37.0,43.0,47.0,54.0,56.0,56.0,63.0,65.0,83.0,111.0
2017-05-31,0.0,13.0,13.0,13.0,13.0,13.0,18.0,20.0,27.0,27.0,83.0,96.0
2017-06-01,0.0,0.0,0.0,0.0,0.0,0.0,0.0,0.0,0.0,0.0,0.0,13.0
2017-06-02,0.0,9.0,16.0,22.0,26.0,28.0,33.0,35.0,38.0,38.0,41.0,46.0
2017-06-03,0.0,0.0,0.0,0.0,0.0,3.0,5.0,8.0,8.0,8.0,15.0,46.0
2017-06-04,0.0,0.0,0.0,0.0,0.0,0.0,0.0,0.0,0.0,0.0,0.0,0.0
2017-06-05,0.0,24.0,44.0,54.0,61.0,81.0,116.0,158.0,217.0,259.0,359.0,373.0
2017-06-07,0.0,0.0,0.0,0.0,0.0,0.0,0.0,0.0,0.0,0.0,0.0,127.0
2017-06-09,0.0,2.0,2.0,2.0,2.0,2.0,2.0,2.0,4.0,4.0,4.0,4.0
2017-06-10,0.0,2.0,2.0,2.0,2.0,2.0,2.0,2.0,2.0,2.0,2.0,2.0
2017-06-11,0.0,0.0,0.0,0.0,0.0,0.0,0.0,0.0,0.0,0.0,0.0,2.0
2017-06-12,0.0,20.0,20.0,20.0,20.0,20.0,20.0,22.0,22.0,22.0,22.0,22.0
2017-06-13,0.0,0.0,0.0,0.0,0.0,0.0,0.0,0.0,0.0,0.0,0.0,22.0
2017-06-14,0.0,0.0,0.0,0.0,0.0,0.0,0.0,0.0,0.0,0.0,0.0,0.0
2017-06-15,0.0,0.0,0.0,0.0,0.0,0.0,0.0,0.0,0.0,0.0,0.0,0.0
2017-06-18,0.0,0.0,0.0,0.0,0.0,0.0,0.0,0.0,0.0,0.0,0.0,0.0
2017-06-19,0.0,5.0,5.0,5.0,5.0,5.0,5.0,5.0,5.0,5.0,5.0,5.0
2017-06-21,0.0,0.0,0.0,0.0,0.0,0.0,0.0,0.0,0.0,0.0,0.0,162.0
2017-06-22,0.0,0.0,0.0,0.0,0.0,0.0,0.0,0.0,0.0,0.0,0.0,0.0
2017-06-25,0.0,0.0,0.0,0.0,0.0,0.0,0.0,0.0,0.0,0.0,0.0,0.0
2017-06-26,0.0,8.0,15.0,15.0,15.0,15.0,15.0,15.0,15.0,15.0,15.0,15.0
2017-06-27,0.0,7.0,14.0,14.0,14.0,14.0,14.0,14.0,14.0,14.0,14.0,15.0
2017-06-29,0.0,6.0,8.0,10.0,13.0,19.0,24.0,28.0,32.0,32.0,32.0,32.0
2017-06-30,0.0,45.0,52.0,52.0,52.0,52.0,54.0,57.0,57.0,57.0,57.0,89.0
2017-07-02,0.0,0.0,0.0,3.0,3.0,27.0,27.0,27.0,27.0,27.0,43.0,52.0
2017-07-03,0.0,0.0,0.0,0.0,0.0,0.0,0.0,0.0,0.0,0.0,0.0,0.0
2017-07-04,0.0,0.0,0.0,0.0,0.0,0.0,0.0,0.0,0.0,0.0,0.0,0.0
2017-07-05,0.0,0.0,0.0,0.0,0.0,0.0,0.0,0.0,0.0,0.0,0.0,0.0
2017-07-06,0.0,0.0,0.0,0.0,0.0,0.0,0.0,0.0,0.0,0.0,0.0,0.0
2017-07-07,0.0,81.0,92.0,97.0,97.0,100.0,100.0,100.0,100.0,100.0,100.0,100.0
2017-07-08,8.5,128.0,149.0,152.0,162.0,177.0,177.0,177.0,177.0,185.0,207.0,207.0
2017-07-09,0.0,2.0,2.0,2.0,2.0,2.0,2.0,2.0,2.0,2.0,30.0,207.0
2017-07-10,0.0,8.0,14.0,17.0,20.0,22.0,22.0,22.0,22.0,24.0,24.0,24.0
2017-07-11,0.0,0.0,0.0,0.0,0.0,0.0,0.0,0.0,0.0,0.0,0.0,22.0
2017-07-15,0.0,9.0,17.0,17.0,17.0,26.0,26.0,26.0,26.0,28.0,86.0,88.0
2017-07-16,0.0,4.0,4.0,4.0,4.0,4.0,7.0,7.0,7.0,7.0,7.0,7.0
2017-07-17,0.0,10.0,17.0,21.0,21.0,21.0,24.0,24.0,24.0,24.0,38.0,41.0
2017-07-18,0.0,0.0,0.0,0.0,0.0,0.0,0.0,0.0,0.0,0.0,0.0,24.0
2017-07-19,0.0,41.0,75.0,75.0,75.0,75.0,75.0,75.0,75.0,75.0,75.0,75.0
2017-07-21,0.0,0.0,0.0,0.0,0.0,0.0,0.0,0.0,0.0,0.0,86.0,88.0
2017-07-22,0.0,0.0,0.0,0.0,0.0,0.0,0.0,0.0,0.0,0.0,0.0,0.0
2017-07-23,0.0,0.0,0.0,0.0,0.0,0.0,0.0,0.0,0.0,0.0,0.0,0.0
2017-07-24,0.0,8.0,14.0,20.0,25.0,45.0,55.0,73.0,100.0,106.0,146.0,146.0
2017-07-25,0.0,3.0,3.0,7.0,7.0,19.0,34.0,39.0,46.0,71.0,142.0,161.0
2017-07-27,0.0,0.0,0.0,0.0,0.0,0.0,0.0,0.0,0.0,0.0,0.0,0.0
2017-07-28,0.0,0.0,0.0,0.0,0.0,0.0,0.0,0.0,0.0,0.0,0.0,0.0
2017-07-29,0.0,0.0,0.0,0.0,0.0,0.0,0.0,0.0,0.0,0.0,0.0,0.0
2017-07-30,0.0,0.0,0.0,0.0,0.0,0.0,0.0,0.0,0.0,0.0,0.0,0.0
2017-07-31,0.0,243.0,335.0,367.0,367.0,367.0,367.0,367.0,367.0,367.0,367.0,367.0
2017-08-01,0.0,0.0,0.0,0.0,0.0,0.0,0.0,0.0,0.0,367.0,367.0,367.0
2017-08-02,0.0,0.0,0.0,0.0,0.0,0.0,0.0,0.0,0.0,0.0,0.0,0.0
2017-08-03,0.0,0.0,0.0,0.0,0.0,0.0,0.0,0.0,0.0,0.0,0.0,0.0
2017-08-04,26.25,174.0,269.0,279.0,279.0,284.0,284.0,284.0,284.0,289.0,306.0,306.0
2017-08-05,0.0,25.0,34.0,41.0,58.0,65.0,65.0,65.0,84.0,97.0,322.0,421.0
2017-08-06,0.0,0.0,0.0,0.0,0.0,0.0,2.0,6.0,6.0,6.0,6.0,116.0
2017-08-10,0.0,0.0,0.0,0.0,0.0,0.0,0.0,0.0,0.0,0.0,0.0,0.0
2017-08-11,0.0,0.0,0.0,0.0,0.0,0.0,0.0,0.0,0.0,0.0,0.0,0.0
2017-08-12,0.0,15.0,23.0,31.0,31.0,40.0,43.0,43.0,55.0,55.0,55.0,55.0
2017-08-13,0.0,6.0,6.0,6.0,6.0,6.0,6.0,6.0,6.0,6.0,6.0,61.0
2017-08-14,0.0,0.0,0.0,0.0,0.0,0.0,0.0,0.0,0.0,0.0,0.0,6.0
2017-08-15,0.0,47.0,52.0,57.0,59.0,67.0,69.0,69.0,69.0,69.0,69.0,69.0
2017-08-16,0.0,0.0,0.0,0.0,0.0,0.0,0.0,0.0,0.0,0.0,0.0,69.0
2017-08-17,0.0,0.0,0.0,0.0,0.0,0.0,0.0,0.0,0.0,0.0,0.0,0.0
2017-08-18,0.0,26.0,49.0,67.0,79.0,134.0,175.0,180.0,180.0,180.0,180.0,180.0
2017-08-19,0.0,0.0,0.0,0.0,0.0,0.0,0.0,0.0,0.0,0.0,0.0,180.0
2017-08-20,0.0,0.0,0.0,0.0,0.0,0.0,0.0,0.0,0.0,0.0,0.0,0.0
2017-08-21,0.0,0.0,0.0,0.0,0.0,0.0,0.0,0.0,0.0,0.0,0.0,0.0
2017-08-23,0.0,0.0,0.0,0.0,0.0,0.0,0.0,0.0,15.0,15.0,87.0,87.0
2017-08-24,0.0,0.0,0.0,0.0,0.0,0.0,0.0,0.0,0.0,0.0,0.0,0.0
2017-08-25,0.0,0.0,0.0,0.0,0.0,0.0,0.0,0.0,0.0,0.0,0.0,0.0
2017-08-26,0.0,0.0,0.0,0.0,0.0,0.0,0.0,0.0,0.0,0.0,0.0,0.0
2017-08-27,0.0,0.0,0.0,0.0,0.0,0.0,0.0,0.0,0.0,0.0,0.0,0.0
2017-08-28,0.0,0.0,0.0,0.0,0.0,0.0,0.0,0.0,0.0,0.0,0.0,0.0
2017-08-29,0.0,0.0,0.0,0.0,0.0,0.0,0.0,0.0,0.0,0.0,0.0,0.0
2017-08-30,0.0,0.0,0.0,0.0,0.0,0.0,0.0,0.0,0.0,0.0,0.0,0.0
2017-09-01,0.0,0.0,0.0,0.0,0.0,0.0,0.0,0.0,0.0,0.0,0.0,5.0
2017-09-02,0.0,0.0,0.0,0.0,0.0,0.0,0.0,0.0,0.0,0.0,0.0,0.0
2017-09-04,0.0,7.0,13.0,16.0,16.0,16.0,16.0,16.0,26.0,72.0,129.0,236.0
2017-09-06,0.0,0.0,0.0,0.0,0.0,0.0,0.0,0.0,0.0,0.0,0.0,6.0
2017-09-07,0.0,59.0,94.0,109.0,124.0,128.0,128.0,128.0,133.0,138.0,153.0,167.0
2017-09-08,0.0,3.0,3.0,3.0,3.0,4.0,7.0,7.0,7.0,10.0,14.0,167.0
2017-09-09,0.0,3.0,3.0,3.0,3.0,3.0,3.0,3.0,3.0,3.0,3.0,6.0
2017-09-10,0.0,0.0,0.0,0.0,0.0,0.0,0.0,0.0,0.0,0.0,0.0,3.0
2017-09-11,0.0,0.0,0.0,0.0,0.0,0.0,0.0,0.0,0.0,0.0,0.0,0.0
2017-09-12,0.0,0.0,0.0,0.0,0.0,0.0,0.0,0.0,0.0,0.0,0.0,0.0
2017-09-13,0.0,0.0,0.0,0.0,0.0,0.0,0.0,0.0,0.0,0.0,0.0,0.0
2017-09-14,0.0,0.0,0.0,0.0,0.0,0.0,0.0,0.0,0.0,0.0,0.0,0.0
2017-09-15,0.0,0.0,0.0,0.0,0.0,0.0,0.0,0.0,0.0,0.0,0.0,0.0
2017-09-16,0.0,2.0,2.0,2.0,2.0,2.0,2.0,2.0,2.0,2.0,2.0,2.0
2017-09-17,0.0,0.0,0.0,0.0,0.0,0.0,0.0,0.0,0.0,0.0,0.0,2.0
2017-09-18,0.0,0.0,0.0,0.0,0.0,0.0,0.0,0.0,0.0,0.0,0.0,0.0
2017-09-19,0.0,0.0,0.0,0.0,0.0,0.0,0.0,0.0,0.0,0.0,0.0,0.0
2017-09-20,0.0,0.0,0.0,0.0,0.0,0.0,0.0,0.0,0.0,0.0,0.0,0.0
2017-09-21,0.0,0.0,0.0,0.0,0.0,0.0,0.0,0.0,0.0,0.0,0.0,0.0
2017-09-22,0.0,0.0,0.0,0.0,0.0,0.0,0.0,0.0,0.0,0.0,0.0,0.0
2017-09-23,0.0,0.0,0.0,0.0,0.0,0.0,0.0,0.0,0.0,0.0,0.0,0.0
2017-09-24,0.0,0.0,0.0,0.0,0.0,0.0,0.0,0.0,0.0,0.0,0.0,0.0
2017-09-25,0.0,0.0,0.0,0.0,0.0,0.0,0.0,0.0,0.0,0.0,0.0,0.0
2017-09-26,0.0,0.0,0.0,0.0,0.0,0.0,0.0,0.0,0.0,0.0,0.0,0.0
2017-09-27,0.0,35.0,50.0,50.0,50.0,50.0,50.0,50.0,50.0,50.0,50.0,50.0
2017-09-28,0.0,0.0,0.0,0.0,0.0,0.0,0.0,0.0,0.0,50.0,50.0,50.0
2017-09-29,0.0,0.0,0.0,0.0,0.0,0.0,0.0,0.0,0.0,0.0,0.0,0.0
2017-09-30,0.0,0.0,0.0,0.0,0.0,0.0,0.0,0.0,0.0,0.0,0.0,0.0
2017-10-01,0.0,0.0,0.0,0.0,0.0,0.0,0.0,0.0,0.0,0.0,0.0,0.0
2017-10-02,0.0,0.0,0.0,0.0,0.0,0.0,0.0,0.0,0.0,0.0,0.0,0.0
2017-10-05,0.0,0.0,0.0,0.0,0.0,0.0,0.0,21.0,42.0,47.0,47.0,47.0
2017-10-06,0.0,0.0,0.0,0.0,0.0,0.0,0.0,0.0,0.0,0.0,0.0,0.0
2017-10-07,0.0,10.0,17.0,24.0,31.0,31.0,31.0,31.0,31.0,31.0,31.0,31.0
2017-10-08,0.0,11.0,21.0,29.0,38.0,49.0,53.0,53.0,53.0,53.0,53.0,84.0
2017-10-09,80.0833333333333,26.0,40.0,56.0,72.0,132.0,202.0,244.0,276.0,278.0,280.0,280.0
2017-10-10,0.0,0.0,0.0,0.0,0.0,0.0,0.0,0.0,2.0,4.0,175.0,280.0
2017-10-11,0.0,0.0,0.0,0.0,0.0,0.0,0.0,0.0,0.0,0.0,0.0,0.0
2017-10-12,0.0,0.0,0.0,0.0,0.0,0.0,0.0,0.0,0.0,0.0,0.0,0.0
2017-10-13,0.0,0.0,0.0,0.0,0.0,0.0,0.0,0.0,0.0,0.0,0.0,0.0
2017-10-14,0.0,0.0,0.0,0.0,0.0,0.0,0.0,0.0,0.0,0.0,0.0,0.0
2017-10-15,0.0,20.0,23.0,24.0,31.0,46.0,47.0,49.0,54.0,54.0,54.0,93.0
2017-10-16,0.0,0.0,0.0,0.0,0.0,0.0,12.0,16.0,39.0,39.0,39.0,93.0
2017-10-17,0.0,0.0,0.0,0.0,0.0,0.0,0.0,0.0,0.0,0.0,0.0,0.0
2017-10-18,0.0,0.0,0.0,0.0,0.0,0.0,0.0,0.0,0.0,0.0,0.0,0.0
2017-10-21,0.0,0.0,0.0,0.0,0.0,0.0,0.0,0.0,0.0,0.0,0.0,0.0
2017-10-22,0.0,0.0,0.0,0.0,0.0,0.0,0.0,0.0,0.0,0.0,0.0,0.0
2017-10-23,0.0,0.0,0.0,0.0,0.0,0.0,0.0,0.0,0.0,0.0,0.0,0.0
2017-10-24,27.0,50.0,84.0,114.0,139.0,164.0,271.0,291.0,299.0,299.0,299.0,299.0
2017-10-25,0.0,0.0,0.0,0.0,0.0,0.0,0.0,0.0,8.0,147.0,299.0,299.0
2017-10-27,0.0,0.0,0.0,0.0,0.0,5.0,18.0,18.0,21.0,24.0,24.0,24.0
2017-10-28,0.0,0.0,0.0,0.0,0.0,0.0,0.0,0.0,0.0,0.0,0.0,0.0
2017-10-29,0.0,14.0,25.0,36.0,46.0,78.0,100.0,115.0,137.0,139.0,165.0,223.0
2017-10-30,0.0,6.0,11.0,15.0,17.0,28.0,69.0,100.0,134.0,160.0,170.0,254.0
2017-10-31,0.0,0.0,0.0,0.0,0.0,0.0,0.0,0.0,0.0,0.0,0.0,25.0
2018-05-03,0.0,21.0,42.0,52.0,58.0,80.0,94.0,106.0,110.0,110.0,126.0,126.0
2018-05-04,0.0,31.0,31.0,31.0,31.0,36.0,36.0,38.0,46.0,46.0,110.0,126.0
2018-05-05,0.0,0.0,0.0,0.0,0.0,0.0,0.0,0.0,0.0,31.0,46.0,46.0
2018-05-06,0.0,0.0,0.0,0.0,0.0,0.0,0.0,0.0,0.0,0.0,0.0,0.0
2018-05-07,0.0,0.0,0.0,0.0,0.0,0.0,0.0,0.0,0.0,0.0,0.0,0.0
2018-05-08,0.0,0.0,0.0,0.0,0.0,0.0,0.0,0.0,0.0,0.0,0.0,0.0
2018-05-09,0.0,0.0,0.0,0.0,0.0,0.0,0.0,0.0,0.0,0.0,0.0,0.0
2018-05-10,0.0,0.0,0.0,0.0,0.0,0.0,0.0,0.0,0.0,0.0,0.0,0.0
2018-05-11,0.0,0.0,0.0,0.0,0.0,0.0,0.0,0.0,0.0,0.0,0.0,0.0
2018-05-12,0.0,0.0,0.0,0.0,0.0,0.0,0.0,0.0,0.0,0.0,0.0,0.0
2018-05-13,0.0,0.0,0.0,0.0,0.0,0.0,0.0,0.0,0.0,0.0,0.0,0.0
2018-05-14,0.0,0.0,0.0,0.0,0.0,0.0,0.0,0.0,0.0,0.0,0.0,0.0
2018-05-16,0.0,0.0,0.0,0.0,0.0,0.0,0.0,0.0,0.0,0.0,3.0,3.0
2018-05-20,0.0,45.0,56.0,66.0,73.0,78.0,82.0,90.0,90.0,90.0,113.0,148.0
2018-05-21,0.0,0.0,0.0,0.0,0.0,0.0,0.0,0.0,0.0,0.0,0.0,90.0
2018-05-22,0.0,7.0,11.0,13.0,13.0,13.0,13.0,13.0,20.0,20.0,20.0,20.0
2018-05-23,0.0,0.0,0.0,0.0,0.0,0.0,0.0,0.0,13.0,13.0,20.0,20.0
2018-05-24,0.0,0.0,0.0,0.0,0.0,0.0,0.0,0.0,0.0,0.0,0.0,0.0
2018-05-25,0.0,0.0,0.0,0.0,0.0,0.0,0.0,0.0,0.0,0.0,0.0,0.0
2018-05-26,0.0,44.0,51.0,57.0,57.0,57.0,69.0,74.0,76.0,76.0,79.0,79.0
2018-05-27,0.0,2.0,2.0,2.0,2.0,2.0,2.0,2.0,2.0,2.0,2.0,79.0
2018-05-28,0.0,9.0,12.0,12.0,12.0,12.0,12.0,12.0,12.0,12.0,12.0,12.0
2018-05-30,0.0,0.0,0.0,0.0,0.0,0.0,0.0,0.0,0.0,0.0,0.0,0.0
2018-05-31,0.0,0.0,0.0,0.0,0.0,0.0,0.0,0.0,0.0,0.0,0.0,0.0
2018-06-01,0.0,0.0,0.0,0.0,0.0,0.0,0.0,0.0,0.0,0.0,0.0,0.0
2018-06-02,0.0,0.0,0.0,0.0,0.0,0.0,0.0,0.0,0.0,0.0,0.0,0.0
2018-06-03,0.0,0.0,0.0,0.0,0.0,0.0,0.0,0.0,0.0,0.0,0.0,0.0
2018-06-04,0.0,13.0,17.0,23.0,28.0,42.0,66.0,77.0,106.0,142.0,210.0,260.0
2018-06-05,0.0,0.0,0.0,0.0,0.0,0.0,0.0,2.0,2.0,19.0,44.0,254.0
2018-06-06,0.0,0.0,0.0,0.0,0.0,0.0,0.0,0.0,0.0,0.0,0.0,0.0
2018-06-07,0.0,0.0,0.0,0.0,0.0,0.0,0.0,0.0,0.0,0.0,0.0,0.0
2018-06-08,0.0,0.0,0.0,0.0,0.0,0.0,0.0,0.0,0.0,0.0,0.0,0.0
2018-06-09,0.0,0.0,0.0,0.0,0.0,0.0,0.0,0.0,0.0,0.0,0.0,0.0
2018-06-10,0.0,0.0,0.0,0.0,0.0,0.0,0.0,0.0,0.0,0.0,0.0,0.0
2018-06-13,0.0,8.0,11.0,18.0,18.0,20.0,30.0,32.0,32.0,32.0,32.0,32.0
2018-06-14,0.0,19.0,30.0,36.0,41.0,81.0,84.0,84.0,84.0,84.0,113.0,133.0
2018-06-15,0.0,0.0,0.0,0.0,0.0,0.0,0.0,0.0,0.0,0.0,17.0,101.0
2018-06-16,0.0,0.0,0.0,0.0,0.0,0.0,0.0,0.0,0.0,0.0,0.0,0.0
2018-06-17,0.0,0.0,0.0,0.0,0.0,0.0,0.0,0.0,0.0,0.0,0.0,0.0
2018-06-18,0.0,53.0,90.0,95.0,95.0,97.0,97.0,123.0,125.0,125.0,184.0,210.0
2018-06-20,0.0,0.0,0.0,0.0,0.0,0.0,0.0,0.0,0.0,0.0,0.0,0.0
2018-06-21,0.0,0.0,0.0,0.0,0.0,0.0,0.0,0.0,0.0,0.0,0.0,0.0
2018-06-22,0.0,0.0,0.0,0.0,0.0,0.0,0.0,0.0,0.0,0.0,0.0,0.0
2018-06-23,0.0,8.0,11.0,13.0,13.0,18.0,18.0,18.0,20.0,20.0,20.0,22.0
2018-06-24,0.0,9.0,16.0,20.0,20.0,25.0,30.0,30.0,35.0,48.0,48.0,71.0
2018-06-25,0.0,0.0,0.0,0.0,0.0,0.0,2.0,2.0,8.0,20.0,28.0,56.0
2018-06-26,0.0,0.0,0.0,0.0,0.0,0.0,0.0,0.0,0.0,0.0,0.0,0.0
2018-06-29,0.0,0.0,0.0,0.0,0.0,0.0,0.0,0.0,0.0,0.0,0.0,5.0
2018-06-30,0.0,48.0,59.0,59.0,59.0,59.0,59.0,59.0,59.0,59.0,59.0,59.0
2018-07-01,0.0,0.0,0.0,0.0,0.0,11.0,59.0,59.0,59.0,59.0,59.0,59.0
2018-07-02,0.0,0.0,0.0,0.0,0.0,0.0,0.0,0.0,0.0,0.0,0.0,0.0
2018-07-03,0.0,0.0,0.0,0.0,0.0,0.0,0.0,0.0,0.0,0.0,0.0,0.0
2018-07-04,0.0,0.0,0.0,0.0,0.0,0.0,0.0,0.0,0.0,0.0,0.0,0.0
2018-07-05,0.0,0.0,0.0,0.0,0.0,0.0,0.0,0.0,0.0,0.0,0.0,0.0
2018-07-06,0.0,0.0,0.0,0.0,0.0,0.0,0.0,0.0,0.0,0.0,0.0,0.0
2018-07-07,0.0,0.0,0.0,0.0,0.0,0.0,0.0,0.0,0.0,0.0,0.0,0.0
2018-07-08,0.0,0.0,0.0,0.0,0.0,0.0,0.0,0.0,0.0,0.0,0.0,0.0
2018-07-09,0.0,0.0,0.0,0.0,0.0,0.0,0.0,0.0,0.0,0.0,0.0,0.0
2018-07-10,0.0,0.0,0.0,0.0,0.0,0.0,0.0,0.0,0.0,0.0,0.0,0.0
2018-07-11,0.0,0.0,0.0,0.0,0.0,0.0,0.0,0.0,0.0,0.0,0.0,0.0
2018-07-12,0.0,0.0,0.0,0.0,0.0,0.0,0.0,0.0,0.0,0.0,0.0,0.0
2018-07-13,0.0,0.0,0.0,0.0,0.0,0.0,0.0,0.0,0.0,0.0,0.0,0.0
2018-07-14,0.0,0.0,0.0,0.0,0.0,0.0,0.0,0.0,0.0,0.0,0.0,0.0
2018-07-15,0.0,0.0,0.0,0.0,0.0,0.0,0.0,0.0,0.0,0.0,0.0,0.0
2018-07-16,0.0,0.0,0.0,0.0,0.0,0.0,0.0,0.0,0.0,0.0,0.0,0.0
2018-07-17,38.3166666667,128.0,164.0,250.0,303.0,320.0,320.0,320.0,320.0,320.0,320.0,320.0
2018-07-18,0.0,0.0,0.0,0.0,0.0,0.0,0.0,0.0,0.0,0.0,0.0,320.0
2018-07-19,0.0,0.0,0.0,0.0,0.0,0.0,0.0,0.0,0.0,0.0,0.0,0.0
2018-07-20,0.0,0.0,0.0,0.0,0.0,0.0,0.0,0.0,0.0,0.0,0.0,0.0
2018-07-21,0.0,0.0,0.0,0.0,0.0,0.0,0.0,0.0,0.0,0.0,0.0,0.0
2018-07-23,0.0,0.0,0.0,0.0,0.0,0.0,0.0,0.0,0.0,0.0,20.0,34.0
2018-07-24,0.0,0.0,0.0,0.0,0.0,0.0,0.0,0.0,0.0,0.0,0.0,0.0
2018-07-25,73.1333333333,89.0,137.0,162.0,169.0,210.0,227.0,248.0,268.0,268.0,281.0,289.0
2018-07-26,0.0,86.0,153.0,216.0,222.0,230.0,230.0,230.0,230.0,239.0,271.0,507.0
2018-07-27,0.0,0.0,0.0,0.0,0.0,0.0,0.0,0.0,0.0,0.0,230.0,266.0
2018-07-28,0.0,12.0,12.0,12.0,12.0,14.0,14.0,14.0,14.0,14.0,14.0,14.0
2018-07-30,0.0,0.0,0.0,0.0,0.0,0.0,0.0,0.0,0.0,0.0,0.0,0.0
2018-07-31,0.0,0.0,0.0,0.0,0.0,0.0,0.0,0.0,0.0,0.0,0.0,0.0
2018-08-01,6.9333333333,23.0,30.0,33.0,33.0,33.0,33.0,33.0,33.0,33.0,33.0,33.0
2018-08-02,0.0,3.0,3.0,3.0,3.0,33.0,33.0,36.0,36.0,36.0,36.0,36.0
2018-08-03,0.0,0.0,0.0,0.0,0.0,0.0,0.0,0.0,0.0,0.0,0.0,3.0
2018-08-04,0.0,5.0,10.0,13.0,17.0,17.0,17.0,17.0,17.0,17.0,17.0,17.0
2018-08-05,0.0,0.0,0.0,0.0,0.0,0.0,0.0,0.0,0.0,0.0,13.0,17.0
2018-08-06,0.0,39.0,76.0,79.0,79.0,79.0,79.0,89.0,89.0,89.0,89.0,89.0
2018-08-07,0.0,4.0,7.0,7.0,7.0,9.0,10.0,10.0,89.0,89.0,89.0,98.0
2018-08-08,0.0,7.0,12.0,16.0,19.0,22.0,33.0,35.0,35.0,35.0,35.0,35.0
2018-08-11,0.0,0.0,0.0,0.0,0.0,0.0,0.0,0.0,0.0,0.0,0.0,0.0
2018-08-12,0.0,0.0,0.0,0.0,0.0,0.0,0.0,0.0,0.0,0.0,0.0,0.0
2018-08-13,0.0,0.0,0.0,0.0,0.0,0.0,0.0,0.0,0.0,0.0,0.0,0.0
2018-08-14,0.0,39.0,75.0,75.0,75.0,75.0,75.0,75.0,75.0,75.0,75.0,75.0
2018-08-15,0.0,6.0,42.0,81.0,81.0,81.0,81.0,81.0,81.0,81.0,81.0,81.0
2018-08-16,0.0,0.0,0.0,0.0,0.0,0.0,0.0,0.0,0.0,0.0,0.0,0.0
2018-08-17,0.0,5.0,9.0,11.0,13.0,24.0,26.0,26.0,26.0,26.0,26.0,26.0
2018-08-19,0.0,0.0,0.0,0.0,0.0,0.0,0.0,0.0,0.0,0.0,0.0,0.0
2018-08-20,0.0,0.0,0.0,0.0,0.0,0.0,0.0,0.0,0.0,0.0,0.0,0.0
2018-08-22,0.0,2.0,2.0,2.0,2.0,4.0,4.0,4.0,4.0,4.0,6.0,6.0
2018-08-24,0.0,0.0,0.0,0.0,0.0,0.0,0.0,0.0,0.0,0.0,0.0,2.0
2018-08-25,0.0,0.0,0.0,0.0,0.0,0.0,0.0,0.0,0.0,0.0,0.0,0.0
2018-08-27,0.0,2.0,2.0,2.0,2.0,2.0,2.0,2.0,2.0,109.0,109.0,158.0
2018-08-28,0.0,44.0,44.0,44.0,44.0,58.0,58.0,58.0,58.0,58.0,58.0,89.0
2018-08-29,0.0,10.0,10.0,10.0,13.0,13.0,13.0,13.0,13.0,13.0,60.0,83.0
2018-08-30,0.0,2.0,2.0,2.0,2.0,2.0,2.0,2.0,2.0,2.0,13.0,15.0
2018-08-31,0.0,0.0,0.0,0.0,0.0,0.0,0.0,0.0,0.0,0.0,0.0,2.0
2018-09-01,0.0,0.0,0.0,0.0,0.0,0.0,0.0,0.0,0.0,0.0,0.0,0.0
2018-09-02,89.0166666667,32.0,57.0,69.0,69.0,84.0,89.0,89.0,89.0,96.0,96.0,96.0
2018-09-03,0.0,29.0,33.0,33.0,33.0,33.0,33.0,39.0,39.0,39.0,39.0,102.0
2018-09-06,0.0,0.0,0.0,0.0,0.0,0.0,0.0,0.0,0.0,0.0,0.0,10.0
2018-09-07,0.0,0.0,0.0,0.0,0.0,0.0,0.0,0.0,0.0,0.0,0.0,0.0
2018-09-08,0.0,0.0,0.0,0.0,0.0,0.0,0.0,0.0,0.0,0.0,0.0,0.0
2018-09-09,0.0,0.0,0.0,0.0,0.0,0.0,0.0,0.0,0.0,0.0,0.0,0.0
2018-09-10,0.0,31.0,50.0,69.0,78.0,103.0,110.0,114.0,114.0,114.0,114.0,114.0
2018-09-11,0.0,26.0,38.0,60.0,70.0,95.0,114.0,177.0,219.0,225.0,238.0,242.0
2018-09-13,0.0,0.0,0.0,0.0,0.0,0.0,0.0,0.0,0.0,0.0,0.0,0.0
2018-09-14,0.0,0.0,0.0,0.0,0.0,0.0,0.0,0.0,0.0,0.0,0.0,0.0
2018-09-15,0.0,0.0,0.0,0.0,0.0,0.0,0.0,0.0,0.0,0.0,0.0,0.0
2018-09-16,0.0,0.0,0.0,0.0,0.0,0.0,0.0,0.0,0.0,0.0,0.0,0.0
2018-09-17,0.0,0.0,0.0,0.0,0.0,0.0,0.0,0.0,0.0,0.0,0.0,0.0
2018-09-18,0.0,2.0,2.0,2.0,2.0,2.0,2.0,2.0,2.0,2.0,2.0,2.0
2018-09-19,0.0,2.0,2.0,2.0,2.0,2.0,2.0,2.0,2.0,2.0,2.0,2.0
2018-09-20,0.0,0.0,0.0,0.0,0.0,0.0,0.0,0.0,0.0,0.0,0.0,2.0
2018-09-21,6.7333333333,68.0,103.0,112.0,144.0,149.0,149.0,149.0,180.0,180.0,257.0,329.0
2018-09-22,0.0,2.0,2.0,2.0,2.0,2.0,4.0,112.0,149.0,149.0,153.0,333.0
2018-09-24,0.0,2.0,2.0,2.0,2.0,2.0,2.0,2.0,2.0,2.0,2.0,2.0
2018-09-25,0.0,10.0,17.0,17.0,21.0,25.0,28.0,32.0,38.0,38.0,38.0,38.0
2018-09-27,0.0,2.0,2.0,2.0,2.0,2.0,2.0,2.0,2.0,26.0,28.0,40.0
2018-09-28,0.0,3.0,3.0,3.0,3.0,3.0,3.0,3.0,3.0,3.0,3.0,3.0
2018-09-29,0.0,2.0,4.0,4.0,6.0,8.0,8.0,11.0,11.0,13.0,13.0,15.0
2018-09-30,0.0,2.0,2.0,2.0,2.0,2.0,2.0,2.0,4.0,4.0,4.0,14.0
2018-10-01,0.0,3.0,3.0,5.0,5.0,7.0,9.0,9.0,11.0,11.0,11.0,13.0
2018-10-02,0.0,6.0,11.0,15.0,19.0,33.0,40.0,48.0,66.0,78.0,78.0,80.0
2018-10-03,0.0,0.0,0.0,0.0,0.0,0.0,0.0,0.0,0.0,0.0,0.0,78.0
2018-10-04,0.0,6.0,9.0,11.0,11.0,16.0,16.0,16.0,18.0,20.0,20.0,20.0
2018-10-05,0.0,0.0,0.0,0.0,0.0,0.0,0.0,0.0,0.0,0.0,4.0,20.0
2018-10-06,0.0,0.0,0.0,0.0,0.0,0.0,0.0,0.0,0.0,0.0,0.0,0.0
2018-10-07,0.0,0.0,0.0,0.0,0.0,0.0,0.0,0.0,0.0,0.0,0.0,0.0
2018-10-08,0.0,36.0,45.0,64.0,77.0,108.0,117.0,122.0,122.0,122.0,122.0,122.0
2018-10-09,0.0,42.0,49.0,55.0,55.0,55.0,55.0,57.0,97.0,163.0,179.0,179.0
2018-10-10,0.0,12.0,18.0,21.0,24.0,39.0,39.0,39.0,45.0,45.0,45.0,51.0
2018-10-12,0.0,0.0,0.0,0.0,0.0,0.0,0.0,0.0,0.0,0.0,3.0,71.0
2018-10-13,0.0,0.0,0.0,0.0,0.0,0.0,0.0,0.0,0.0,0.0,0.0,0.0
2018-10-14,0.0,2.0,2.0,2.0,2.0,2.0,2.0,2.0,2.0,2.0,2.0,2.0
2018-10-15,0.0,11.0,16.0,20.0,20.0,25.0,32.0,34.0,38.0,41.0,41.0,41.0
2018-10-21,0.0,0.0,0.0,0.0,0.0,0.0,0.0,0.0,0.0,0.0,0.0,5.0
2018-10-22,0.0,0.0,0.0,0.0,0.0,0.0,0.0,0.0,0.0,0.0,0.0,0.0
2018-10-25,0.0,0.0,0.0,0.0,0.0,0.0,0.0,0.0,0.0,0.0,0.0,10.0
2018-10-28,0.0,10.0,14.0,22.0,29.0,39.0,45.0,48.0,76.0,92.0,100.0,141.0
2018-10-30,0.0,0.0,0.0,0.0,0.0,0.0,0.0,0.0,0.0,0.0,2.0,13.0
2019-05-01,0.0,6.0,11.0,16.0,22.0,36.0,41.0,48.0,48.0,48.0,48.0,48.0
2019-05-02,0.0,3.0,6.0,9.0,10.0,16.0,33.0,49.0,59.0,61.0,61.0,61.0
2019-05-03,0.0,5.0,9.0,12.0,15.0,24.0,31.0,31.0,31.0,31.0,31.0,31.0
2019-05-04,0.0,2.0,2.0,2.0,2.0,2.0,2.0,2.0,2.0,2.0,2.0,33.0
2019-05-05,0.0,0.0,0.0,0.0,0.0,0.0,0.0,0.0,0.0,0.0,0.0,2.0
2019-05-06,0.0,0.0,0.0,0.0,0.0,0.0,0.0,0.0,0.0,0.0,0.0,0.0
2019-05-07,0.0,0.0,0.0,0.0,0.0,0.0,0.0,0.0,0.0,0.0,0.0,0.0
2019-05-08,0.0,0.0,0.0,0.0,0.0,0.0,0.0,0.0,0.0,0.0,0.0,0.0
2019-05-09,0.0,15.0,24.0,38.0,47.0,76.0,84.0,84.0,84.0,84.0,84.0,84.0
2019-05-10,0.0,16.0,31.0,45.0,53.0,95.0,131.0,153.0,163.0,210.0,286.0,372.0
2019-05-11,0.0,0.0,0.0,0.0,0.0,0.0,0.0,0.0,0.0,0.0,44.0,285.0
2019-05-12,0.0,0.0,0.0,0.0,0.0,0.0,0.0,0.0,0.0,0.0,0.0,0.0
2019-05-13,0.0,5.0,9.0,9.0,9.0,9.0,9.0,9.0,9.0,9.0,9.0,9.0
2019-05-15,0.0,0.0,0.0,0.0,0.0,0.0,0.0,0.0,0.0,0.0,20.0,104.0
2019-05-16,0.0,0.0,0.0,0.0,0.0,0.0,0.0,0.0,0.0,0.0,0.0,0.0
2019-05-17,0.0,3.0,3.0,3.0,3.0,3.0,3.0,3.0,3.0,3.0,3.0,3.0
2019-05-18,0.0,2.0,2.0,2.0,2.0,2.0,2.0,2.0,2.0,2.0,2.0,5.0
2019-05-22,0.0,2.0,2.0,2.0,2.0,2.0,2.0,2.0,2.0,2.0,2.0,4.0
2019-05-23,0.0,28.0,53.0,64.0,71.0,99.0,120.0,140.0,146.0,157.0,157.0,157.0
2019-05-24,0.0,3.0,6.0,6.0,6.0,11.0,17.0,17.0,111.0,157.0,168.0,171.0
2019-05-25,0.0,2.0,2.0,2.0,2.0,2.0,2.0,2.0,2.0,2.0,2.0,14.0
2019-05-26,0.0,3.0,3.0,3.0,3.0,5.0,5.0,5.0,5.0,5.0,7.0,7.0
2019-05-27,0.0,0.0,0.0,0.0,0.0,0.0,0.0,0.0,0.0,0.0,0.0,5.0
2019-05-28,0.0,5.0,7.0,9.0,11.0,15.0,15.0,15.0,15.0,15.0,15.0,15.0
2019-05-29,0.0,2.0,2.0,2.0,2.0,2.0,2.0,2.0,2.0,2.0,15.0,17.0
2019-06-01,0.0,0.0,0.0,0.0,0.0,0.0,0.0,0.0,0.0,0.0,0.0,0.0
2019-06-02,0.0,9.0,17.0,24.0,31.0,53.0,59.0,59.0,63.0,66.0,66.0,66.0
2019-06-03,0.0,0.0,0.0,0.0,0.0,0.0,0.0,0.0,0.0,0.0,24.0,66.0
2019-06-04,0.0,0.0,0.0,0.0,0.0,0.0,0.0,0.0,0.0,0.0,0.0,0.0
2019-06-05,0.0,0.0,0.0,0.0,0.0,0.0,0.0,0.0,0.0,0.0,0.0,0.0
2019-06-06,0.0,0.0,0.0,0.0,0.0,0.0,0.0,0.0,0.0,0.0,0.0,0.0
2019-06-07,0.0,0.0,0.0,0.0,0.0,0.0,0.0,0.0,0.0,0.0,0.0,0.0
2019-06-08,0.0,0.0,0.0,0.0,0.0,0.0,0.0,0.0,0.0,0.0,0.0,0.0
2019-06-09,0.0,0.0,0.0,0.0,0.0,0.0,0.0,0.0,0.0,0.0,0.0,0.0
2019-06-10,0.0,5.0,7.0,7.0,9.0,9.0,9.0,9.0,9.0,9.0,9.0,9.0
2019-06-11,0.0,49.0,74.0,102.0,126.0,153.0,172.0,198.0,219.0,238.0,243.0,243.0
2019-06-13,0.0,6.0,6.0,8.0,8.0,8.0,8.0,8.0,8.0,8.0,8.0,8.0
2019-06-14,0.0,13.0,19.0,22.0,25.0,47.0,57.0,57.0,59.0,59.0,65.0,67.0
2019-06-15,0.0,8.0,16.0,23.0,31.0,41.0,48.0,48.0,53.0,53.0,55.0,59.0
2019-06-16,0.0,0.0,0.0,0.0,0.0,0.0,0.0,15.0,48.0,51.0,53.0,55.0
2019-06-17,0.0,0.0,0.0,0.0,0.0,0.0,0.0,0.0,0.0,0.0,0.0,0.0
2019-06-18,0.0,0.0,0.0,0.0,0.0,0.0,0.0,0.0,0.0,0.0,0.0,0.0
2019-06-19,0.0,0.0,0.0,0.0,0.0,0.0,0.0,0.0,0.0,0.0,0.0,0.0
2019-06-20,0.0,4.0,8.0,11.0,14.0,22.0,31.0,36.0,42.0,42.0,42.0,42.0
2019-06-21,0.0,0.0,0.0,0.0,0.0,0.0,0.0,0.0,0.0,6.0,39.0,42.0
2019-06-22,0.0,0.0,0.0,0.0,0.0,0.0,0.0,0.0,0.0,0.0,0.0,0.0
2019-06-23,0.0,0.0,0.0,0.0,0.0,0.0,0.0,0.0,0.0,0.0,0.0,0.0
2019-06-24,0.0,0.0,0.0,0.0,0.0,0.0,0.0,0.0,0.0,0.0,0.0,0.0
2019-06-25,0.0,36.0,66.0,86.0,96.0,130.0,149.0,159.0,164.0,164.0,164.0,164.0
2019-06-26,0.0,0.0,0.0,0.0,0.0,0.0,0.0,0.0,0.0,0.0,120.0,164.0
2019-06-27,0.0,3.0,3.0,3.0,3.0,3.0,3.0,3.0,3.0,3.0,3.0,3.0
2019-06-28,0.0,0.0,0.0,0.0,0.0,0.0,3.0,3.0,3.0,3.0,3.0,3.0
2019-06-29,0.0,39.0,64.0,80.0,92.0,102.0,139.0,139.0,139.0,139.0,139.0,139.0
2019-06-30,0.0,12.0,19.0,19.0,24.0,31.0,31.0,31.0,111.0,139.0,139.0,170.0
2019-07-01,0.0,0.0,0.0,0.0,0.0,0.0,0.0,0.0,0.0,0.0,0.0,31.0
2019-07-02,0.0,0.0,0.0,0.0,0.0,0.0,0.0,0.0,0.0,0.0,0.0,0.0
2019-07-03,0.0,0.0,0.0,0.0,0.0,0.0,0.0,0.0,0.0,0.0,0.0,0.0
2019-07-04,0.0,0.0,0.0,0.0,0.0,0.0,0.0,0.0,0.0,0.0,0.0,0.0
2019-07-07,0.0,0.0,0.0,0.0,0.0,0.0,0.0,0.0,0.0,0.0,0.0,0.0
2019-07-08,0.0,0.0,0.0,0.0,0.0,0.0,0.0,0.0,0.0,0.0,0.0,0.0
2019-07-09,0.0,0.0,0.0,0.0,0.0,0.0,0.0,0.0,0.0,0.0,0.0,0.0
2019-07-10,0.0,0.0,0.0,0.0,0.0,0.0,0.0,0.0,0.0,0.0,0.0,0.0
2019-07-11,34.9499999999999,61.0,104.0,133.0,139.0,139.0,154.0,172.0,172.0,172.0,272.0,305.0
2019-07-12,0.0,0.0,0.0,0.0,0.0,0.0,4.0,24.0,123.0,133.0,133.0,305.0
2019-07-13,0.0,0.0,0.0,0.0,0.0,0.0,0.0,0.0,0.0,0.0,0.0,0.0
2019-07-14,0.0,0.0,0.0,0.0,0.0,0.0,0.0,0.0,0.0,0.0,0.0,0.0
2019-07-15,0.0,0.0,0.0,0.0,0.0,0.0,0.0,0.0,0.0,0.0,0.0,0.0
2019-07-16,0.0,0.0,0.0,0.0,0.0,0.0,0.0,0.0,0.0,0.0,0.0,0.0
2019-07-17,0.0,0.0,0.0,0.0,0.0,0.0,0.0,0.0,0.0,0.0,0.0,0.0
2019-07-18,0.0,0.0,0.0,0.0,0.0,0.0,0.0,0.0,0.0,0.0,0.0,0.0
2019-07-19,0.0,39.0,39.0,39.0,39.0,39.0,39.0,39.0,39.0,39.0,39.0,39.0
2019-07-20,0.0,0.0,0.0,0.0,0.0,0.0,0.0,0.0,0.0,0.0,0.0,39.0
2019-07-21,0.0,0.0,0.0,0.0,0.0,0.0,0.0,0.0,0.0,0.0,0.0,0.0
2019-07-22,0.0,0.0,0.0,0.0,0.0,0.0,0.0,0.0,0.0,0.0,0.0,0.0
2019-07-23,0.0,0.0,0.0,0.0,0.0,0.0,0.0,0.0,0.0,0.0,0.0,0.0
2019-07-24,0.0,0.0,0.0,0.0,0.0,0.0,0.0,0.0,0.0,0.0,0.0,0.0
2019-07-25,0.0,0.0,0.0,0.0,0.0,0.0,0.0,0.0,0.0,0.0,0.0,0.0
2019-07-26,0.0,2.0,2.0,2.0,2.0,2.0,2.0,2.0,2.0,2.0,2.0,2.0
2019-07-28,0.0,8.0,15.0,15.0,15.0,15.0,15.0,15.0,15.0,15.0,15.0,15.0
2019-07-29,0.0,0.0,0.0,0.0,0.0,0.0,0.0,0.0,0.0,0.0,15.0,15.0
2019-07-30,0.0,0.0,0.0,0.0,0.0,0.0,0.0,0.0,0.0,0.0,0.0,0.0
2019-07-31,0.0,0.0,0.0,0.0,0.0,0.0,0.0,0.0,0.0,0.0,0.0,0.0
2019-08-01,0.0,0.0,0.0,0.0,0.0,0.0,0.0,0.0,0.0,0.0,0.0,0.0
2019-08-02,0.0,0.0,0.0,0.0,0.0,0.0,0.0,0.0,0.0,0.0,0.0,0.0
2019-08-03,0.0,0.0,0.0,0.0,0.0,0.0,0.0,0.0,0.0,0.0,0.0,0.0
2019-08-04,0.0,2.0,2.0,2.0,2.0,2.0,2.0,2.0,2.0,2.0,2.0,2.0
2019-08-05,0.0,0.0,0.0,0.0,0.0,0.0,2.0,2.0,2.0,2.0,2.0,2.0
2019-08-06,0.0,0.0,0.0,0.0,0.0,0.0,0.0,0.0,0.0,0.0,0.0,0.0
2019-08-07,0.0,0.0,0.0,0.0,0.0,0.0,0.0,0.0,0.0,0.0,0.0,0.0
2019-08-08,35.9833333333333,24.0,38.0,50.0,59.0,86.0,93.0,98.0,98.0,98.0,98.0,98.0
2019-08-09,15.0333333333333,51.0,56.0,59.0,59.0,61.0,61.0,61.0,61.0,91.0,103.0,103.0
2019-08-11,0.0,0.0,0.0,0.0,0.0,0.0,0.0,0.0,0.0,0.0,4.0,4.0
2019-08-12,0.0,18.0,18.0,21.0,21.0,21.0,21.0,21.0,23.0,23.0,23.0,23.0
2019-08-14,0.0,0.0,0.0,0.0,0.0,0.0,0.0,0.0,0.0,0.0,0.0,0.0
2019-08-15,0.0,0.0,0.0,0.0,0.0,0.0,0.0,0.0,0.0,0.0,0.0,0.0
2019-08-16,0.0,0.0,0.0,0.0,0.0,0.0,0.0,0.0,0.0,0.0,0.0,0.0
2019-08-17,0.0,23.0,31.0,31.0,34.0,37.0,37.0,37.0,37.0,37.0,37.0,37.0
2019-08-18,0.0,0.0,0.0,0.0,0.0,0.0,0.0,0.0,0.0,0.0,0.0,37.0
2019-08-19,0.0,0.0,0.0,0.0,0.0,0.0,0.0,0.0,0.0,0.0,0.0,0.0
2019-08-20,0.0,0.0,0.0,0.0,0.0,0.0,0.0,0.0,0.0,0.0,0.0,0.0
2019-08-21,0.0,7.0,13.0,17.0,20.0,29.0,29.0,29.0,29.0,29.0,29.0,29.0
2019-08-23,0.0,0.0,0.0,0.0,0.0,0.0,0.0,0.0,0.0,0.0,0.0,0.0
2019-08-24,0.0,0.0,0.0,0.0,0.0,0.0,0.0,0.0,0.0,0.0,0.0,0.0
2019-08-25,0.0,0.0,0.0,0.0,0.0,0.0,0.0,0.0,0.0,0.0,0.0,0.0
2019-08-27,0.0,0.0,0.0,0.0,0.0,0.0,0.0,0.0,0.0,0.0,0.0,2.0
2019-08-28,0.0,18.0,30.0,43.0,54.0,69.0,88.0,103.0,138.0,148.0,159.0,159.0
2019-08-29,0.0,0.0,0.0,0.0,0.0,0.0,0.0,0.0,11.0,45.0,137.0,159.0
2019-08-30,0.0,56.0,77.0,87.0,97.0,107.0,107.0,107.0,107.0,107.0,107.0,107.0
2019-08-31,0.0,0.0,0.0,0.0,0.0,0.0,0.0,0.0,0.0,0.0,0.0,107.0
2019-09-01,0.0,0.0,0.0,0.0,0.0,0.0,0.0,0.0,0.0,0.0,0.0,0.0
2019-09-02,41.2666666666666,15.0,27.0,33.0,46.0,78.0,108.0,139.0,192.0,232.0,234.0,290.0
2019-09-04,0.0,91.0,129.0,151.0,159.0,197.0,204.0,207.0,211.0,217.0,224.0,224.0
2019-09-05,0.0,2.0,2.0,2.0,2.0,2.0,2.0,2.0,2.0,2.0,7.0,226.0
2019-09-06,0.0,0.0,0.0,0.0,0.0,0.0,0.0,0.0,0.0,0.0,0.0,2.0
2019-09-07,0.0,25.0,50.0,54.0,69.0,92.0,92.0,92.0,92.0,99.0,99.0,99.0
2019-09-08,0.0,0.0,0.0,2.0,7.0,7.0,7.0,7.0,7.0,84.0,99.0,99.0
2019-09-09,0.0,0.0,0.0,0.0,0.0,0.0,0.0,0.0,0.0,0.0,0.0,0.0
2019-09-11,0.0,14.0,24.0,30.0,32.0,35.0,37.0,37.0,37.0,54.0,60.0,60.0
2019-09-12,0.0,0.0,0.0,0.0,0.0,0.0,0.0,0.0,0.0,0.0,0.0,37.0
2019-09-13,0.0,0.0,0.0,0.0,0.0,0.0,0.0,0.0,0.0,0.0,0.0,0.0
2019-09-14,0.0,29.0,47.0,53.0,57.0,61.0,64.0,66.0,66.0,66.0,66.0,66.0
2019-09-15,0.0,0.0,0.0,0.0,0.0,0.0,0.0,0.0,0.0,0.0,0.0,66.0
2019-09-16,0.0,0.0,0.0,0.0,0.0,0.0,0.0,0.0,0.0,0.0,0.0,0.0
2019-09-17,0.0,0.0,0.0,0.0,0.0,0.0,0.0,0.0,0.0,0.0,0.0,0.0
2019-09-18,0.0,0.0,0.0,0.0,0.0,0.0,0.0,0.0,0.0,0.0,0.0,0.0
2019-09-19,0.0,0.0,0.0,0.0,0.0,0.0,0.0,0.0,0.0,0.0,0.0,0.0
2019-09-20,0.0,0.0,0.0,0.0,0.0,0.0,0.0,0.0,0.0,0.0,0.0,0.0
2019-09-21,0.0,2.0,2.0,2.0,2.0,2.0,2.0,2.0,2.0,2.0,2.0,2.0
2019-09-22,0.0,0.0,0.0,0.0,0.0,0.0,0.0,0.0,0.0,0.0,0.0,2.0
2019-09-25,0.0,2.0,2.0,2.0,2.0,2.0,2.0,2.0,2.0,2.0,2.0,5.0
2019-09-26,0.0,17.0,23.0,30.0,35.0,53.0,65.0,70.0,70.0,70.0,72.0,72.0
2019-09-27,0.0,2.0,2.0,2.0,2.0,2.0,2.0,2.0,4.0,4.0,19.0,74.0
2019-09-28,0.0,9.0,17.0,23.0,29.0,40.0,40.0,44.0,44.0,47.0,56.0,61.0
2019-09-29,0.0,2.0,2.0,2.0,2.0,2.0,2.0,2.0,2.0,5.0,34.0,63.0
2019-09-30,0.0,0.0,0.0,0.0,0.0,0.0,0.0,0.0,0.0,0.0,0.0,4.0
2019-10-02,0.0,2.0,2.0,2.0,2.0,2.0,3.0,9.0,54.0,381.0,512.0,543.0
2019-10-03,0.0,8.0,13.0,17.0,21.0,29.0,29.0,29.0,29.0,29.0,29.0,31.0
2019-10-05,0.0,2.0,2.0,2.0,2.0,2.0,2.0,2.0,2.0,2.0,2.0,20.0
2019-10-07,0.0,12.0,22.0,32.0,41.0,61.0,72.0,83.0,91.0,94.0,94.0,94.0
2019-10-08,0.0,2.0,2.0,2.0,2.0,2.0,2.0,2.0,2.0,2.0,2.0,94.0
2019-10-09,0.0,0.0,0.0,0.0,0.0,0.0,0.0,0.0,0.0,0.0,0.0,2.0
2019-10-10,0.0,0.0,0.0,0.0,0.0,0.0,0.0,0.0,0.0,0.0,0.0,0.0
2019-10-11,0.0,0.0,0.0,0.0,0.0,0.0,0.0,0.0,0.0,0.0,0.0,0.0
2019-10-12,0.0,2.0,2.0,2.0,2.0,2.0,2.0,2.0,2.0,2.0,2.0,2.0
2019-10-13,0.0,2.0,2.0,2.0,2.0,2.0,2.0,2.0,4.0,4.0,6.0,6.0
2019-10-14,0.0,0.0,0.0,0.0,0.0,0.0,0.0,0.0,0.0,0.0,0.0,4.0
2019-10-17,177.083333333333,33.0,58.0,80.0,99.0,175.0,239.0,284.0,370.0,459.0,551.0,704.0
2019-10-20,0.0,0.0,0.0,0.0,0.0,0.0,0.0,0.0,0.0,0.0,0.0,0.0
2019-10-21,0.0,0.0,0.0,0.0,0.0,0.0,0.0,0.0,0.0,0.0,0.0,0.0
2019-10-22,0.0,14.0,28.0,39.0,53.0,76.0,96.0,118.0,131.0,131.0,131.0,131.0
2019-10-23,0.0,12.0,25.0,36.0,50.0,82.0,107.0,135.0,180.0,220.0,247.0,247.0
2019-10-24,0.0,0.0,0.0,0.0,0.0,0.0,0.0,0.0,0.0,0.0,0.0,105.0
2019-10-25,0.0,0.0,0.0,0.0,0.0,0.0,0.0,0.0,0.0,0.0,0.0,0.0
2019-10-26,0.0,0.0,0.0,0.0,0.0,0.0,0.0,0.0,0.0,0.0,0.0,0.0
2019-10-27,61.7166666666666,33.0,63.0,88.0,102.0,160.0,201.0,240.0,298.0,306.0,328.0,353.0
2019-10-28,0.0,2.0,2.0,2.0,2.0,2.0,8.0,20.0,33.0,43.0,113.0,353.0
2019-10-29,0.0,0.0,0.0,0.0,0.0,0.0,0.0,0.0,0.0,0.0,0.0,2.0
2019-10-30,0.0,0.0,0.0,0.0,0.0,0.0,0.0,0.0,0.0,0.0,0.0,0.0
2019-10-31,73.3333333333333,47.0,89.0,122.0,146.0,235.0,288.0,332.0,382.0,456.0,496.0,532.0
